,phone
1,+351 218 454 220
2,+351 253 203 190
3,+351 253 203 180
4,+351913596668
5,+351 913 596 668
6,+351244845030
7,+351 244 845 030
8,+39 06 660 560
9,+33 144 932 000
10,+258 825 004 929
11,+261 334 051 234
12,+261 330 615 117
13,+258 24 910 096
14,+261 341 692 140
15,+351 218 454 226
16,+351 911 597 284
17,+351 911 597 808
18,+351 911 597 497
19,+351 911 597 645
20,+351 911 597 336
21,+351 911 597 200
22,+351 219 488 870
23,+351 218 855 476
24,+351 218 855 477
25,+351 295 216 670
26,+351 295 216 661
27,+351 214 723 737
28,+351 213 038 642
29,+351 917 110 000
30,+351 916 880 754
31,+351 243 304 060
32,+351 255 133 000
33,+52825112
34,+351217214000
35,+351 225 420 800
36,+351249533327
